"Data Source","World Development Indicators","","","","","","","","","",""

"Country Name","Country Code","Indicator Name","Indicator Code","2010","2011","2012","2013","2014","2015","2016","2017"
"Aruba","ABW","PM2.5 air pollution, mean annual exposure (micrograms per cubic meter)","EN.ATM.PM25.MC.M3","","","","","","","",""
"Afghanistan","AFG","PM2.5 air pollution, mean annual exposure (micrograms per cubic meter)","EN.ATM.PM25.MC.M3","65.24559","66.83573","66.02317","61.36674","59.01033","61.25266","56.28705","56.91081"
"Angola","AGO","PM2.5 air pollution, mean annual exposure (micrograms per cubic meter)","EN.ATM.PM25.MC.M3","33.78725","33.10419","33.4155","34.66392","32.97403","32.72987","31.78539","32.3885"
"Albania","ALB","PM2.5 air pollution, mean annual exposure (micrograms per cubic meter)","EN.ATM.PM25.MC.M3","21.27783","22.77254","20.57826","19.93852","18.88395","19.51254","18.18993","18.2006"
"Andorra","AND","PM2.5 air pollution, mean annual exposure (micrograms per cubic meter)","EN.ATM.PM25.MC.M3","12.8072","13.27351","12.40705","11.81367","10.83042","11.46218","10.25583","10.30762"
"Arab World","ARB","PM2.5 air pollution, mean annual exposure (micrograms per cubic meter)","EN.ATM.PM25.MC.M3","53.787","52.65228","53.29727","54.05382","52.5836","60.40681","58.7649","58.68926"
"United Arab Emirates","ARE","PM2.5 air pollution, mean annual exposure (micrograms per cubic meter)","EN.ATM.PM25.MC.M3","38.98007","39.19343","39.27713","39.60816","37.98342","42.33499","40.5221","40.91751"
"Argentina","ARG","PM2.5 air pollution, mean annual exposure (micrograms per cubic meter)","EN.ATM.PM25.MC.M3","16.8591","17.38298","16.13507","15.59738","14.46698","14.63163","13.75144","13.31183"
"Armenia","ARM","PM2.5 air pollution, mean annual exposure (micrograms per cubic meter)","EN.ATM.PM25.MC.M3","37.53004","38.61228","37.18448","34.93721","33.08595","34.88143","32.22717","32.52812"
"American Samoa","ASM","PM2.5 air pollution, mean annual exposure (micrograms per cubic meter)","EN.ATM.PM25.MC.M3","15.07272","15.39064","14.34415","14.12723","13.31699","13.01939","12.38273","12.47382"
"Antigua and Barbuda","ATG","PM2.5 air pollution, mean annual exposure (micrograms per cubic meter)","EN.ATM.PM25.MC.M3","22.52888","23.14786","21.47105","20.73539","19.72558","19.69639","18.46093","18.62234"
"Australia","AUS","PM2.5 air pollution, mean annual exposure (micrograms per cubic meter)","EN.ATM.PM25.MC.M3","10.61888","11.04726","10.53709","9.987684","9.492979","9.320015","8.614509","8.550324"
"Austria","AUT","PM2.5 air pollution, mean annual exposure (micrograms per cubic meter)","EN.ATM.PM25.MC.M3","15.14914","15.57337","14.28233","14.08161","13.37923","13.5411","12.59682","12.47797"
"Azerbaijan","AZE","PM2.5 air pollution, mean annual exposure (micrograms per cubic meter)","EN.ATM.PM25.MC.M3","23.0476","23.62987","22.18081","22.27878","20.71007","21.41412","20.20816","19.92866"
"Burundi","BDI","PM2.5 air pollution, mean annual exposure (micrograms per cubic meter)","EN.ATM.PM25.MC.M3","38.38117","38.23619","41.01133","39.97107","39.38756","38.43088","38.65322","38.89627"
"Belgium","BEL","PM2.5 air pollution, mean annual exposure (micrograms per cubic meter)","EN.ATM.PM25.MC.M3","16.00932","15.69844","14.74189","14.02267","13.23362","13.56652","12.83309","12.88652"
"Benin","BEN","PM2.5 air pollution, mean annual exposure (micrograms per cubic meter)","EN.ATM.PM25.MC.M3","32.39297","32.58085","31.992","31.4433","29.66046","40.47068","38.4477","38.99996"
"Burkina Faso","BFA","PM2.5 air pollution, mean annual exposure (micrograms per cubic meter)","EN.ATM.PM25.MC.M3","37.49133","37.28138","38.78415","33.2872","33.96909","46.56217","41.53724","42.93559"
"Bangladesh","BGD","PM2.5 air pollution, mean annual exposure (micrograms per cubic meter)","EN.ATM.PM25.MC.M3","70.765","70.21055","70.79391","65.64508","68.39538","66.96575","60.12627","60.84578"
"Bulgaria","BGR","PM2.5 air pollution, mean annual exposure (micrograms per cubic meter)","EN.ATM.PM25.MC.M3","22.7562","24.30033","22.64466","20.99964","20.74357","20.77643","19.28301","19.14913"
"Bahrain","BHR","PM2.5 air pollution, mean annual exposure (micrograms per cubic meter)","EN.ATM.PM25.MC.M3","65.63088","63.7325","70.28748","67.79468","62.75854","72.60468","69.86418","70.81621"
"Bahamas, The","BHS","PM2.5 air pollution, mean annual exposure (micrograms per cubic meter)","EN.ATM.PM25.MC.M3","21.11051","21.77442","20.31708","19.9094","18.49533","18.88631","17.65132","17.36772"
"Bosnia and Herzegovina","BIH","PM2.5 air pollution, mean annual exposure (micrograms per cubic meter)","EN.ATM.PM25.MC.M3","32.30016","34.19187","31.77326","30.44623","28.77733","29.62284","27.59447","27.74767"
"Belarus","BLR","PM2.5 air pollution, mean annual exposure (micrograms per cubic meter)","EN.ATM.PM25.MC.M3","23.31941","22.91115","21.64637","20.59046","19.76605","20.07628","18.87824","18.76558"
"Belize","BLZ","PM2.5 air pollution, mean annual exposure (micrograms per cubic meter)","EN.ATM.PM25.MC.M3","28.27305","28.80045","27.40912","27.28444","24.42115","25.21683","23.06568","23.01189"
"Bermuda","BMU","PM2.5 air pollution, mean annual exposure (micrograms per cubic meter)","EN.ATM.PM25.MC.M3","14.64738","14.84311","13.97908","13.47885","12.80641","12.41796","11.65994","11.64636"
"Bolivia","BOL","PM2.5 air pollution, mean annual exposure (micrograms per cubic meter)","EN.ATM.PM25.MC.M3","29.57281","27.9042","26.39024","26.09047","24.81883","22.4764","21.3866","21.56899"
"Brazil","BRA","PM2.5 air pollution, mean annual exposure (micrograms per cubic meter)","EN.ATM.PM25.MC.M3","15.95529","15.9128","15.28546","14.6099","13.98993","13.59466","12.65868","12.70663"
"Barbados","BRB","PM2.5 air pollution, mean annual exposure (micrograms per cubic meter)","EN.ATM.PM25.MC.M3","28.21681","29.30349","27.03353","26.23023","25.18301","24.68624","23.4592","23.08018"
"Brunei Darussalam","BRN","PM2.5 air pollution, mean annual exposure (micrograms per cubic meter)","EN.ATM.PM25.MC.M3","7.417004","7.366187","7.570823","6.70949","6.18083","6.48418","5.9276","5.903065"
"Bhutan","BTN","PM2.5 air pollution, mean annual exposure (micrograms per cubic meter)","EN.ATM.PM25.MC.M3","43.96188","43.0717","42.93227","41.88191","40.83967","39.81864","37.22436","37.9265"
"Botswana","BWA","PM2.5 air pollution, mean annual exposure (micrograms per cubic meter)","EN.ATM.PM25.MC.M3","25.72472","24.59211","24.85404","24.87426","24.15128","24.33026","23.63127","23.09439"
"Central African Republic","CAF","PM2.5 air pollution, mean annual exposure (micrograms per cubic meter)","EN.ATM.PM25.MC.M3","51.53332","51.22953","53.35883","50.87491","49.35636","58.3261","56.98542","56.8285"
"Canada","CAN","PM2.5 air pollution, mean annual exposure (micrograms per cubic meter)","EN.ATM.PM25.MC.M3","8.384457","8.624461","8.10741","7.791636","7.42842","7.151582","6.549075","6.428383"
"Central Europe and the Baltics","CEB","PM2.5 air pollution, mean annual exposure (micrograms per cubic meter)","EN.ATM.PM25.MC.M3","21.98803","21.90983","20.20362","19.22538","18.6092","18.9941","17.64109","17.63333"
"Switzerland","CHE","PM2.5 air pollution, mean annual exposure (micrograms per cubic meter)","EN.ATM.PM25.MC.M3","12.92222","13.04922","12.26139","11.82005","11.38911","11.16525","10.34263","10.3031"
"Channel Islands","CHI","PM2.5 air pollution, mean annual exposure (micrograms per cubic meter)","EN.ATM.PM25.MC.M3","","","","","","","",""
"Chile","CHL","PM2.5 air pollution, mean annual exposure (micrograms per cubic meter)","EN.ATM.PM25.MC.M3","25.89229","27.24587","25.04716","23.93669","22.86825","22.56979","20.87687","21.0363"
"China","CHN","PM2.5 air pollution, mean annual exposure (micrograms per cubic meter)","EN.ATM.PM25.MC.M3","69.47957","70.54203","63.82702","65.51455","59.76737","59.06342","52.21132","52.6646"
"Cote d'Ivoire","CIV","PM2.5 air pollution, mean annual exposure (micrograms per cubic meter)","EN.ATM.PM25.MC.M3","21.61771","22.59307","22.4944","21.30554","20.90018","27.68749","26.6747","25.88627"
"Cameroon","CMR","PM2.5 air pollution, mean annual exposure (micrograms per cubic meter)","EN.ATM.PM25.MC.M3","59.2934","58.0769","62.7767","58.18634","56.71531","77.05174","73.20529","72.7931"
"Congo, Dem. Rep.","COD","PM2.5 air pollution, mean annual exposure (micrograms per cubic meter)","EN.ATM.PM25.MC.M3","41.39804","41.49329","43.03677","44.49576","42.54945","44.93119","45.4995","44.90926"
"Congo, Rep.","COG","PM2.5 air pollution, mean annual exposure (micrograms per cubic meter)","EN.ATM.PM25.MC.M3","42.00909","44.15559","43.48999","46.12664","45.85282","44.1477","45.71104","46.63822"
"Colombia","COL","PM2.5 air pollution, mean annual exposure (micrograms per cubic meter)","EN.ATM.PM25.MC.M3","21.49785","21.36778","20.53664","19.22335","18.34421","17.30028","16.5806","16.52721"
"Comoros","COM","PM2.5 air pollution, mean annual exposure (micrograms per cubic meter)","EN.ATM.PM25.MC.M3","20.66636","21.02016","21.25263","21.04796","21.50207","20.71556","20.48273","20.54682"
"Cabo Verde","CPV","PM2.5 air pollution, mean annual exposure (micrograms per cubic meter)","EN.ATM.PM25.MC.M3","27.59644","31.64178","32.94099","32.08584","31.62108","38.63361","33.39233","34.7787"
"Costa Rica","CRI","PM2.5 air pollution, mean annual exposure (micrograms per cubic meter)","EN.ATM.PM25.MC.M3","19.27295","19.70213","19.33513","18.34152","17.54363","16.87929","15.65581","15.72592"
"Caribbean small states","CSS","PM2.5 air pollution, mean annual exposure (micrograms per cubic meter)","EN.ATM.PM25.MC.M3","22.88005","23.60446","22.1765","21.45642","19.96654","20.08738","19.10237","19.00983"
"Cuba","CUB","PM2.5 air pollution, mean annual exposure (micrograms per cubic meter)","EN.ATM.PM25.MC.M3","23.9333","24.78732","23.23979","22.85074","21.29623","20.8641","19.73784","19.70605"
"Curacao","CUW","PM2.5 air pollution, mean annual exposure (micrograms per cubic meter)","EN.ATM.PM25.MC.M3","","","","","","","",""
"Cayman Islands","CYM","PM2.5 air pollution, mean annual exposure (micrograms per cubic meter)","EN.ATM.PM25.MC.M3","","","","","","","",""
"Cyprus","CYP","PM2.5 air pollution, mean annual exposure (micrograms per cubic meter)","EN.ATM.PM25.MC.M3","20.08187","20.09096","19.22484","18.68455","18.29353","19.10135","16.95802","17.29441"
"Czech Republic","CZE","PM2.5 air pollution, mean annual exposure (micrograms per cubic meter)","EN.ATM.PM25.MC.M3","20.67687","20.08125","18.74318","17.99629","17.39122","17.41645","16.10058","16.07125"
"Germany","DEU","PM2.5 air pollution, mean annual exposure (micrograms per cubic meter)","EN.ATM.PM25.MC.M3","15.18949","14.66423","13.57764","13.19192","12.75122","12.8261","11.93781","12.02877"
"Djibouti","DJI","PM2.5 air pollution, mean annual exposure (micrograms per cubic meter)","EN.ATM.PM25.MC.M3","38.24087","40.44184","39.94282","40.10377","41.25973","45.95081","45.86888","45.54962"
"Dominica","DMA","PM2.5 air pollution, mean annual exposure (micrograms per cubic meter)","EN.ATM.PM25.MC.M3","23.74075","24.27612","22.2158","22.15107","21.01031","20.68879","19.98815","19.49315"
"Denmark","DNK","PM2.5 air pollution, mean annual exposure (micrograms per cubic meter)","EN.ATM.PM25.MC.M3","11.92915","12.66233","11.11553","10.82028","11.0667","10.65729","10.09597","10.02965"
"Dominican Republic","DOM","PM2.5 air pollution, mean annual exposure (micrograms per cubic meter)","EN.ATM.PM25.MC.M3","16.87447","17.29978","16.15284","15.39695","14.18807","14.85822","13.69023","13.72632"
"Algeria","DZA","PM2.5 air pollution, mean annual exposure (micrograms per cubic meter)","EN.ATM.PM25.MC.M3","33.63582","33.83405","33.36683","34.24533","35.56392","36.08916","39.85327","38.88401"
"East Asia & Pacific (excluding high income)","EAP","PM2.5 air pollution, mean annual exposure (micrograms per cubic meter)","EN.ATM.PM25.MC.M3","55.84498","56.38466","51.64049","52.44075","48.12064","47.3731","42.29951","42.53947"
"Early-demographic dividend","EAR","PM2.5 air pollution, mean annual exposure (micrograms per cubic meter)","EN.ATM.PM25.MC.M3","64.28869","64.85589","60.37994","61.40087","60.00267","60.62224","59.87879","60.36866"
"East Asia & Pacific","EAS","PM2.5 air pollution, mean annual exposure (micrograms per cubic meter)","EN.ATM.PM25.MC.M3","51.91201","52.41693","48.05673","48.82717","44.84953","44.21893","39.52072","39.75062"
"Europe & Central Asia (excluding high income)","ECA","PM2.5 air pollution, mean annual exposure (micrograms per cubic meter)","EN.ATM.PM25.MC.M3","27.12892","26.85415","26.01927","25.62095","24.76752","25.93091","24.82664","24.9394"
"Europe & Central Asia","ECS","PM2.5 air pollution, mean annual exposure (micrograms per cubic meter)","EN.ATM.PM25.MC.M3","20.58376","20.57562","19.50098","19.08045","18.3919","19.00086","18.00992","18.08356"
"Ecuador","ECU","PM2.5 air pollution, mean annual exposure (micrograms per cubic meter)","EN.ATM.PM25.MC.M3","19.97919","19.322","19.55771","18.11861","16.23419","15.69971","14.98158","14.8861"
"Egypt, Arab Rep.","EGY","PM2.5 air pollution, mean annual exposure (micrograms per cubic meter)","EN.ATM.PM25.MC.M3","77.44662","70.78636","72.79057","76.21365","76.5596","88.21339","88.1485","86.99945"
"Euro area","EMU","PM2.5 air pollution, mean annual exposure (micrograms per cubic meter)","EN.ATM.PM25.MC.M3","15.18742","15.36639","14.1575","13.78814","13.22456","13.43064","12.46631","12.52511"
"Eritrea","ERI","PM2.5 air pollution, mean annual exposure (micrograms per cubic meter)","EN.ATM.PM25.MC.M3","45.22714","45.25745","46.13385","47.62782","44.37495","49.82891","48.67094","48.0302"
"Spain","ESP","PM2.5 air pollution, mean annual exposure (micrograms per cubic meter)","EN.ATM.PM25.MC.M3","11.34933","12.038","11.14962","10.74258","10.07459","10.4491","9.704139","9.697928"
"Estonia","EST","PM2.5 air pollution, mean annual exposure (micrograms per cubic meter)","EN.ATM.PM25.MC.M3","8.519849","8.442559","7.810699","7.482814","7.705553","7.003728","6.821448","6.732124"
"Ethiopia","ETH","PM2.5 air pollution, mean annual exposure (micrograms per cubic meter)","EN.ATM.PM25.MC.M3","35.63415","36.31794","35.97384","35.88421","35.0436","38.8586","39.24504","38.97874"
"European Union","EUU","PM2.5 air pollution, mean annual exposure (micrograms per cubic meter)","EN.ATM.PM25.MC.M3","16.50221","16.63121","15.31009","14.79928","14.25004","14.47107","13.43168","13.4661"
"Fragile and conflict affected situations","FCS","PM2.5 air pollution, mean annual exposure (micrograms per cubic meter)","EN.ATM.PM25.MC.M3","45.41324","45.32782","46.87666","44.38277","42.89714","53.54273","51.18898","51.58592"
"Finland","FIN","PM2.5 air pollution, mean annual exposure (micrograms per cubic meter)","EN.ATM.PM25.MC.M3","7.190331","7.2837","6.601134","6.278689","6.46864","6.063834","5.893757","5.861331"
"Fiji","FJI","PM2.5 air pollution, mean annual exposure (micrograms per cubic meter)","EN.ATM.PM25.MC.M3","13.53381","13.83646","12.85205","12.14462","11.92289","11.64195","11.05934","10.84016"
"France","FRA","PM2.5 air pollution, mean annual exposure (micrograms per cubic meter)","EN.ATM.PM25.MC.M3","14.84562","14.87802","13.83475","13.59431","12.2897","12.74571","11.85518","11.81496"
"Faroe Islands","FRO","PM2.5 air pollution, mean annual exposure (micrograms per cubic meter)","EN.ATM.PM25.MC.M3","","","","","","","",""
"Micronesia, Fed. Sts.","FSM","PM2.5 air pollution, mean annual exposure (micrograms per cubic meter)","EN.ATM.PM25.MC.M3","13.74925","13.73165","12.97444","12.74252","11.86687","11.72598","11.13451","11.2834"
"Gabon","GAB","PM2.5 air pollution, mean annual exposure (micrograms per cubic meter)","EN.ATM.PM25.MC.M3","40.27758","41.13028","40.81409","40.72566","41.31957","44.0959","43.72065","44.38555"
"United Kingdom","GBR","PM2.5 air pollution, mean annual exposure (micrograms per cubic meter)","EN.ATM.PM25.MC.M3","12.29911","12.848","11.81449","11.6189","10.80056","10.75487","10.50467","10.47269"
"Georgia","GEO","PM2.5 air pollution, mean annual exposure (micrograms per cubic meter)","EN.ATM.PM25.MC.M3","26.10124","26.7836","25.00285","23.9102","22.96671","24.25265","21.82964","22.19605"
"Ghana","GHA","PM2.5 air pollution, mean annual exposure (micrograms per cubic meter)","EN.ATM.PM25.MC.M3","27.36828","28.2117","28.89743","27.81534","25.88952","34.6819","36.25266","34.71351"
"Gibraltar","GIB","PM2.5 air pollution, mean annual exposure (micrograms per cubic meter)","EN.ATM.PM25.MC.M3","","","","","","","",""
"Guinea","GIN","PM2.5 air pollution, mean annual exposure (micrograms per cubic meter)","EN.ATM.PM25.MC.M3","21.97103","22.44536","22.98997","21.25856","21.19667","26.94289","24.77771","26.06249"
"Gambia, The","GMB","PM2.5 air pollution, mean annual exposure (micrograms per cubic meter)","EN.ATM.PM25.MC.M3","30.20126","29.26492","30.72906","29.80467","30.6219","36.30538","32.6153","33.98264"
"Guinea-Bissau","GNB","PM2.5 air pollution, mean annual exposure (micrograms per cubic meter)","EN.ATM.PM25.MC.M3","26.83636","27.38944","27.09022","26.52421","26.94096","31.79127","29.58587","29.7747"
"Equatorial Guinea","GNQ","PM2.5 air pollution, mean annual exposure (micrograms per cubic meter)","EN.ATM.PM25.MC.M3","46.18649","46.85259","45.23237","43.62579","44.3018","52.63437","54.50903","53.24062"
"Greece","GRC","PM2.5 air pollution, mean annual exposure (micrograms per cubic meter)","EN.ATM.PM25.MC.M3","19.06109","20.00154","18.42077","17.77942","17.36504","17.74056","16.32892","16.21827"
"Grenada","GRD","PM2.5 air pollution, mean annual exposure (micrograms per cubic meter)","EN.ATM.PM25.MC.M3","27.47291","28.13952","26.46892","25.84731","24.28703","24.16278","22.88869","22.72269"
"Greenland","GRL","PM2.5 air pollution, mean annual exposure (micrograms per cubic meter)","EN.ATM.PM25.MC.M3","13.92232","14.09661","13.40669","12.75797","12.51055","11.76204","11.5725","11.60218"
"Guatemala","GTM","PM2.5 air pollution, mean annual exposure (micrograms per cubic meter)","EN.ATM.PM25.MC.M3","29.98259","31.72733","29.88626","30.05682","26.52786","25.07273","23.79783","24.07065"
"Guam","GUM","PM2.5 air pollution, mean annual exposure (micrograms per cubic meter)","EN.ATM.PM25.MC.M3","13.88834","14.10353","13.2423","12.78879","12.02255","12.53178","11.65177","11.63441"
"Guyana","GUY","PM2.5 air pollution, mean annual exposure (micrograms per cubic meter)","EN.ATM.PM25.MC.M3","27.31186","27.92942","26.9013","24.8555","23.64827","23.88788","22.3715","22.37557"
"High income","HIC","PM2.5 air pollution, mean annual exposure (micrograms per cubic meter)","EN.ATM.PM25.MC.M3","16.67459","16.96868","16.08428","15.87106","14.98813","15.8076","14.51885","14.6816"
"Hong Kong SAR, China","HKG","PM2.5 air pollution, mean annual exposure (micrograms per cubic meter)","EN.ATM.PM25.MC.M3","","","","","","","",""
"Honduras","HND","PM2.5 air pollution, mean annual exposure (micrograms per cubic meter)","EN.ATM.PM25.MC.M3","26.88295","28.90075","27.44715","27.68414","23.16154","22.4062","21.08696","20.62885"
"Heavily indebted poor countries (HIPC)","HPC","PM2.5 air pollution, mean annual exposure (micrograms per cubic meter)","EN.ATM.PM25.MC.M3","37.19403","37.92089","38.5124","37.22899","36.42476","41.41296","40.50474","40.71806"
"Croatia","HRV","PM2.5 air pollution, mean annual exposure (micrograms per cubic meter)","EN.ATM.PM25.MC.M3","21.33472","21.966","20.20242","19.58696","18.4331","19.20668","17.78932","17.90177"
"Haiti","HTI","PM2.5 air pollution, mean annual exposure (micrograms per cubic meter)","EN.ATM.PM25.MC.M3","17.79524","18.75792","17.48024","16.76701","16.26222","15.54028","15.08648","15.01982"
"Hungary","HUN","PM2.5 air pollution, mean annual exposure (micrograms per cubic meter)","EN.ATM.PM25.MC.M3","19.13552","19.36069","17.52996","17.23183","16.31533","17.23213","15.88535","15.92605"
"IBRD only","IBD","PM2.5 air pollution, mean annual exposure (micrograms per cubic meter)","EN.ATM.PM25.MC.M3","59.48715","60.12189","55.27194","56.61217","53.89641","53.88242","51.59309","52.02151"
"IDA & IBRD total","IBT","PM2.5 air pollution, mean annual exposure (micrograms per cubic meter)","EN.ATM.PM25.MC.M3","56.72734","57.23624","53.49892","53.975","51.72774","53.05178","50.80785","51.17447"
"IDA total","IDA","PM2.5 air pollution, mean annual exposure (micrograms per cubic meter)","EN.ATM.PM25.MC.M3","47.76724","47.98819","47.88725","45.73125","45.03315","50.52036","48.44574","48.65999"
"IDA blend","IDB","PM2.5 air pollution, mean annual exposure (micrograms per cubic meter)","EN.ATM.PM25.MC.M3","53.70716","53.47949","52.97398","49.92108","48.73765","59.35402","57.06968","57.16105"
"Indonesia","IDN","PM2.5 air pollution, mean annual exposure (micrograms per cubic meter)","EN.ATM.PM25.MC.M3","18.16928","18.04965","18.17017","16.87918","16.45463","16.64028","16.38415","16.50265"
"IDA only","IDX","PM2.5 air pollution, mean annual exposure (micrograms per cubic meter)","EN.ATM.PM25.MC.M3","44.78227","45.22263","45.32147","43.61453","43.1589","46.04589","44.07397","44.34853"
"Isle of Man","IMN","PM2.5 air pollution, mean annual exposure (micrograms per cubic meter)","EN.ATM.PM25.MC.M3","","","","","","","",""
"India","IND","PM2.5 air pollution, mean annual exposure (micrograms per cubic meter)","EN.ATM.PM25.MC.M3","95.75818","97.59938","88.16944","91.80479","89.62238","89.30333","89.67218","90.87321"
"Not classified","INX","PM2.5 air pollution, mean annual exposure (micrograms per cubic meter)","EN.ATM.PM25.MC.M3","","","","","","","",""
"Ireland","IRL","PM2.5 air pollution, mean annual exposure (micrograms per cubic meter)","EN.ATM.PM25.MC.M3","9.976375","10.28508","9.522692","9.360154","8.750522","8.672473","8.279163","8.208577"
"Iran, Islamic Rep.","IRN","PM2.5 air pollution, mean annual exposure (micrograms per cubic meter)","EN.ATM.PM25.MC.M3","38.6515","38.04969","38.54205","38.10109","38.10949","39.61053","38.8413","38.97876"
"Iraq","IRQ","PM2.5 air pollution, mean annual exposure (micrograms per cubic meter)","EN.ATM.PM25.MC.M3","68.7114","66.36261","66.84208","63.8027","56.56703","66.26504","63.9548","61.63624"
"Iceland","ISL","PM2.5 air pollution, mean annual exposure (micrograms per cubic meter)","EN.ATM.PM25.MC.M3","7.856537","8.098885","7.336929","7.171207","6.948897","6.927969","6.607654","6.481147"
"Israel","ISR","PM2.5 air pollution, mean annual exposure (micrograms per cubic meter)","EN.ATM.PM25.MC.M3","24.01924","23.90469","23.03885","22.94633","22.05915","22.77978","20.7657","21.3811"
"Italy","ITA","PM2.5 air pollution, mean annual exposure (micrograms per cubic meter)","EN.ATM.PM25.MC.M3","19.02523","19.99427","18.10525","17.75772","17.76927","17.89145","16.49037","16.75071"
"Jamaica","JAM","PM2.5 air pollution, mean annual exposure (micrograms per cubic meter)","EN.ATM.PM25.MC.M3","16.09171","16.5425","15.46047","14.9314","14.07433","14.17666","13.39596","13.40415"
"Jordan","JOR","PM2.5 air pollution, mean annual exposure (micrograms per cubic meter)","EN.ATM.PM25.MC.M3","33.55057","33.01726","33.01694","33.41761","33.20542","34.30545","33.17662","33.00608"
"Japan","JPN","PM2.5 air pollution, mean annual exposure (micrograms per cubic meter)","EN.ATM.PM25.MC.M3","14.14234","14.14103","13.12887","13.36256","12.58662","12.68746","11.62392","11.70478"
"Kazakhstan","KAZ","PM2.5 air pollution, mean annual exposure (micrograms per cubic meter)","EN.ATM.PM25.MC.M3","15.91449","15.24384","14.48104","14.59856","13.74975","14.3848","13.08444","13.82429"
"Kenya","KEN","PM2.5 air pollution, mean annual exposure (micrograms per cubic meter)","EN.ATM.PM25.MC.M3","28.15477","28.66288","29.37228","28.93535","28.94935","28.53628","28.58338","28.57837"
"Kyrgyz Republic","KGZ","PM2.5 air pollution, mean annual exposure (micrograms per cubic meter)","EN.ATM.PM25.MC.M3","27.26539","27.5176","25.48983","25.44036","23.29819","24.34474","23.19556","22.73777"
"Cambodia","KHM","PM2.5 air pollution, mean annual exposure (micrograms per cubic meter)","EN.ATM.PM25.MC.M3","31.34314","30.91962","31.28373","30.33653","28.58337","26.76924","25.20287","25.61429"
"Kiribati","KIR","PM2.5 air pollution, mean annual exposure (micrograms per cubic meter)","EN.ATM.PM25.MC.M3","13.17504","13.35815","12.59423","12.3253","11.39374","11.51432","10.53784","10.64086"
"St. Kitts and Nevis","KNA","PM2.5 air pollution, mean annual exposure (micrograms per cubic meter)","EN.ATM.PM25.MC.M3","","","","","","","",""
"Korea, Rep.","KOR","PM2.5 air pollution, mean annual exposure (micrograms per cubic meter)","EN.ATM.PM25.MC.M3","29.80201","29.68119","27.91595","29.46192","27.21311","28.21424","25.09854","25.03943"
"Kuwait","KWT","PM2.5 air pollution, mean annual exposure (micrograms per cubic meter)","EN.ATM.PM25.MC.M3","62.74398","62.82541","64.07091","62.61131","55.6239","65.40608","60.84385","60.74516"
"Latin America & Caribbean (excluding high income)","LAC","PM2.5 air pollution, mean annual exposure (micrograms per cubic meter)","EN.ATM.PM25.MC.M3","21.06194","21.49007","20.44854","19.78341","18.38048","17.72143","16.67816","16.68087"
"Lao PDR","LAO","PM2.5 air pollution, mean annual exposure (micrograms per cubic meter)","EN.ATM.PM25.MC.M3","31.732","29.66966","30.29742","30.25949","28.39017","26.13949","25.80102","25.10954"
"Lebanon","LBN","PM2.5 air pollution, mean annual exposure (micrograms per cubic meter)","EN.ATM.PM25.MC.M3","30.89213","30.06911","30.10805","30.5881","30.44457","31.2293","30.17187","30.62111"
"Liberia","LBR","PM2.5 air pollution, mean annual exposure (micrograms per cubic meter)","EN.ATM.PM25.MC.M3","15.2492","16.14705","16.28821","15.38286","14.94227","18.2128","17.88678","17.98411"
"Libya","LBY","PM2.5 air pollution, mean annual exposure (micrograms per cubic meter)","EN.ATM.PM25.MC.M3","50.14723","44.63173","44.91136","49.27948","47.50123","51.53264","52.12921","54.25468"
"St. Lucia","LCA","PM2.5 air pollution, mean annual exposure (micrograms per cubic meter)","EN.ATM.PM25.MC.M3","27.63597","28.07866","26.36748","25.4448","24.2363","24.28324","22.3534","22.40082"
"Latin America & Caribbean","LCN","PM2.5 air pollution, mean annual exposure (micrograms per cubic meter)","EN.ATM.PM25.MC.M3","21.05366","21.5091","20.4406","19.76988","18.39179","17.75361","16.6998","16.70843"
"Least developed countries: UN classification","LDC","PM2.5 air pollution, mean annual exposure (micrograms per cubic meter)","EN.ATM.PM25.MC.M3","46.02956","46.40986","46.57399","44.79335","44.42166","47.02634","44.92643","45.27822"
"Low income","LIC","PM2.5 air pollution, mean annual exposure (micrograms per cubic meter)","EN.ATM.PM25.MC.M3","39.92263","40.89373","41.1146","40.10659","39.06916","43.81605","42.53414","42.85612"
"Liechtenstein","LIE","PM2.5 air pollution, mean annual exposure (micrograms per cubic meter)","EN.ATM.PM25.MC.M3","","","","","","","",""
"Sri Lanka","LKA","PM2.5 air pollution, mean annual exposure (micrograms per cubic meter)","EN.ATM.PM25.MC.M3","31.03378","31.23207","30.08397","28.89823","26.92278","25.33734","14.02545","11.09962"
"Lower middle income","LMC","PM2.5 air pollution, mean annual exposure (micrograms per cubic meter)","EN.ATM.PM25.MC.M3","71.01803","71.50262","66.72721","67.56119","66.15828","68.2868","67.33328","67.80485"
"Low & middle income","LMY","PM2.5 air pollution, mean annual exposure (micrograms per cubic meter)","EN.ATM.PM25.MC.M3","57.09704","57.60331","53.84323","54.33748","52.06723","53.40262","51.13102","51.49785"
"Lesotho","LSO","PM2.5 air pollution, mean annual exposure (micrograms per cubic meter)","EN.ATM.PM25.MC.M3","32.2406","31.35474","31.21324","32.1487","33.0801","30.88498","28.33683","28.02865"
"Late-demographic dividend","LTE","PM2.5 air pollution, mean annual exposure (micrograms per cubic meter)","EN.ATM.PM25.MC.M3","52.07747","52.66277","48.17101","48.99124","45.03104","44.53809","39.78065","40.0084"
"Lithuania","LTU","PM2.5 air pollution, mean annual exposure (micrograms per cubic meter)","EN.ATM.PM25.MC.M3","14.97106","14.50968","13.78452","12.98119","12.84519","12.45504","11.82162","11.85328"
"Luxembourg","LUX","PM2.5 air pollution, mean annual exposure (micrograms per cubic meter)","EN.ATM.PM25.MC.M3","12.95878","12.686","11.77558","11.60538","10.85761","11.00665","10.31198","10.36464"
"Latvia","LVA","PM2.5 air pollution, mean annual exposure (micrograms per cubic meter)","EN.ATM.PM25.MC.M3","17.11506","16.57268","15.59856","14.88431","14.87909","13.9682","13.44747","13.42646"
"Macao SAR, China","MAC","PM2.5 air pollution, mean annual exposure (micrograms per cubic meter)","EN.ATM.PM25.MC.M3","","","","","","","",""
"St. Martin (French part)","MAF","PM2.5 air pollution, mean annual exposure (micrograms per cubic meter)","EN.ATM.PM25.MC.M3","","","","","","","",""
"Morocco","MAR","PM2.5 air pollution, mean annual exposure (micrograms per cubic meter)","EN.ATM.PM25.MC.M3","29.64896","29.26656","27.79028","29.25952","29.94945","31.44009","32.93537","32.59354"
"Monaco","MCO","PM2.5 air pollution, mean annual exposure (micrograms per cubic meter)","EN.ATM.PM25.MC.M3","","","","","","","",""
"Moldova","MDA","PM2.5 air pollution, mean annual exposure (micrograms per cubic meter)","EN.ATM.PM25.MC.M3","19.1161","19.92487","18.40928","17.4324","16.72646","17.07914","16.3638","16.25103"
"Madagascar","MDG","PM2.5 air pollution, mean annual exposure (micrograms per cubic meter)","EN.ATM.PM25.MC.M3","22.66201","23.36286","22.71643","23.90916","23.51777","22.9504","22.89571","22.54228"
"Maldives","MDV","PM2.5 air pollution, mean annual exposure (micrograms per cubic meter)","EN.ATM.PM25.MC.M3","11.30983","11.78963","11.15748","10.56968","9.921231","9.373944","7.972429","7.795821"
"Middle East & North Africa","MEA","PM2.5 air pollution, mean annual exposure (micrograms per cubic meter)","EN.ATM.PM25.MC.M3","51.81086","50.2605","51.06","51.94019","50.52273","57.01834","55.80735","55.66933"
"Mexico","MEX","PM2.5 air pollution, mean annual exposure (micrograms per cubic meter)","EN.ATM.PM25.MC.M3","26.36544","27.7413","25.98166","25.44909","23.09969","22.133","20.70683","20.92112"
"Marshall Islands","MHL","PM2.5 air pollution, mean annual exposure (micrograms per cubic meter)","EN.ATM.PM25.MC.M3","12.94671","12.93217","12.12353","11.87439","11.07022","10.83767","10.152","10.24133"
"Middle income","MIC","PM2.5 air pollution, mean annual exposure (micrograms per cubic meter)","EN.ATM.PM25.MC.M3","58.84848","59.33183","55.17821","55.85023","53.46774","54.44994","52.08356","52.46922"
"North Macedonia","MKD","PM2.5 air pollution, mean annual exposure (micrograms per cubic meter)","EN.ATM.PM25.MC.M3","34.45697","38.08312","34.65781","32.01505","31.79054","31.97599","29.59327","29.72694"
"Mali","MLI","PM2.5 air pollution, mean annual exposure (micrograms per cubic meter)","EN.ATM.PM25.MC.M3","36.39766","35.14164","34.70023","32.30682","33.91612","41.92693","38.4804","38.52661"
"Malta","MLT","PM2.5 air pollution, mean annual exposure (micrograms per cubic meter)","EN.ATM.PM25.MC.M3","16.4494","16.6443","15.39716","15.28194","14.4354","14.72246","13.81139","13.90954"
"Myanmar","MMR","PM2.5 air pollution, mean annual exposure (micrograms per cubic meter)","EN.ATM.PM25.MC.M3","44.05612","43.6199","42.52281","42.88287","40.28897","38.51378","36.0337","35.55745"
"Middle East & North Africa (excluding high income)","MNA","PM2.5 air pollution, mean annual exposure (micrograms per cubic meter)","EN.ATM.PM25.MC.M3","50.15897","48.2675","48.80947","49.9661","49.22615","54.46832","54.37256","53.85776"
"Montenegro","MNE","PM2.5 air pollution, mean annual exposure (micrograms per cubic meter)","EN.ATM.PM25.MC.M3","25.05541","26.62922","24.6803","23.27423","21.94705","22.55969","20.92405","20.78181"
"Mongolia","MNG","PM2.5 air pollution, mean annual exposure (micrograms per cubic meter)","EN.ATM.PM25.MC.M3","43.30465","45.36017","42.65437","42.32131","39.29514","42.51465","38.22282","40.11285"
"Northern Mariana Islands","MNP","PM2.5 air pollution, mean annual exposure (micrograms per cubic meter)","EN.ATM.PM25.MC.M3","11.92638","12.19963","11.44","10.96502","10.31347","10.39771","9.917756","9.892981"
"Mozambique","MOZ","PM2.5 air pollution, mean annual exposure (micrograms per cubic meter)","EN.ATM.PM25.MC.M3","23.56147","22.60907","22.8676","22.63616","22.61416","21.90588","21.47183","21.2987"
"Mauritania","MRT","PM2.5 air pollution, mean annual exposure (micrograms per cubic meter)","EN.ATM.PM25.MC.M3","39.63741","40.04314","42.34351","40.21579","43.11078","49.49826","46.66759","47.42299"
"Mauritius","MUS","PM2.5 air pollution, mean annual exposure (micrograms per cubic meter)","EN.ATM.PM25.MC.M3","15.19477","15.2017","15.24586","15.55618","15.29265","14.44196","14.34638","14.45783"
"Malawi","MWI","PM2.5 air pollution, mean annual exposure (micrograms per cubic meter)","EN.ATM.PM25.MC.M3","25.6962","25.16501","25.7384","24.68348","25.19823","24.53743","23.09262","23.56592"
"Malaysia","MYS","PM2.5 air pollution, mean annual exposure (micrograms per cubic meter)","EN.ATM.PM25.MC.M3","18.59375","19.20261","19.18222","17.55445","16.92316","17.44091","15.75129","16.03581"
"North America","NAC","PM2.5 air pollution, mean annual exposure (micrograms per cubic meter)","EN.ATM.PM25.MC.M3","9.26317","9.630803","8.91489","8.641425","8.142207","7.973323","7.321017","7.311042"
"Namibia","NAM","PM2.5 air pollution, mean annual exposure (micrograms per cubic meter)","EN.ATM.PM25.MC.M3","27.6599","27.01015","26.79871","27.09282","26.01812","26.91002","25.55214","25.35877"
"New Caledonia","NCL","PM2.5 air pollution, mean annual exposure (micrograms per cubic meter)","EN.ATM.PM25.MC.M3","","","","","","","",""
"Niger","NER","PM2.5 air pollution, mean annual exposure (micrograms per cubic meter)","EN.ATM.PM25.MC.M3","69.15018","72.98277","72.54464","63.03172","60.54136","87.28128","87.70847","94.05382"
"Nigeria","NGA","PM2.5 air pollution, mean annual exposure (micrograms per cubic meter)","EN.ATM.PM25.MC.M3","52.60906","50.97309","56.12964","49.74069","48.63337","75.39899","71.3696","71.79817"
"Nicaragua","NIC","PM2.5 air pollution, mean annual exposure (micrograms per cubic meter)","EN.ATM.PM25.MC.M3","22.49227","22.47952","22.35271","21.92908","19.38772","18.56913","17.72773","17.61418"
"Netherlands","NLD","PM2.5 air pollution, mean annual exposure (micrograms per cubic meter)","EN.ATM.PM25.MC.M3","15.23243","14.98814","13.81241","13.04315","12.8288","12.93211","12.02524","12.03441"
"Norway","NOR","PM2.5 air pollution, mean annual exposure (micrograms per cubic meter)","EN.ATM.PM25.MC.M3","8.341507","8.853511","7.925281","7.633675","7.670896","7.242775","6.959457","6.95652"
"Nepal","NPL","PM2.5 air pollution, mean annual exposure (micrograms per cubic meter)","EN.ATM.PM25.MC.M3","100.7844","100.7661","96.96329","95.31399","98.11602","96.25277","98.05471","99.73437"
"Nauru","NRU","PM2.5 air pollution, mean annual exposure (micrograms per cubic meter)","EN.ATM.PM25.MC.M3","","","","","","","",""
"New Zealand","NZL","PM2.5 air pollution, mean annual exposure (micrograms per cubic meter)","EN.ATM.PM25.MC.M3","7.152866","7.420696","6.835836","6.781886","6.357904","6.330434","5.987363","5.956001"
"OECD members","OED","PM2.5 air pollution, mean annual exposure (micrograms per cubic meter)","EN.ATM.PM25.MC.M3","17.14586","17.27386","16.31072","16.07087","15.33776","15.45892","14.48499","14.53098"
"Oman","OMN","PM2.5 air pollution, mean annual exposure (micrograms per cubic meter)","EN.ATM.PM25.MC.M3","37.51533","39.10379","40.73328","41.05277","37.71088","42.62759","41.78219","41.11524"
"Other small states","OSS","PM2.5 air pollution, mean annual exposure (micrograms per cubic meter)","EN.ATM.PM25.MC.M3","32.36459","32.46158","33.51364","33.42421","32.46595","35.84468","34.25447","34.75443"
"Pakistan","PAK","PM2.5 air pollution, mean annual exposure (micrograms per cubic meter)","EN.ATM.PM25.MC.M3","68.00519","68.54494","62.37665","61.02216","59.51836","60.08589","58.63276","58.28242"
"Panama","PAN","PM2.5 air pollution, mean annual exposure (micrograms per cubic meter)","EN.ATM.PM25.MC.M3","14.13892","14.29604","13.97237","13.39787","12.92162","12.49074","11.46555","11.40005"
"Peru","PER","PM2.5 air pollution, mean annual exposure (micrograms per cubic meter)","EN.ATM.PM25.MC.M3","31.50257","31.57117","30.49446","29.74309","27.58267","26.03727","25.54275","24.78673"
"Philippines","PHL","PM2.5 air pollution, mean annual exposure (micrograms per cubic meter)","EN.ATM.PM25.MC.M3","23.59232","22.75483","22.54958","21.21629","20.25959","19.58154","18.22693","18.0698"
"Palau","PLW","PM2.5 air pollution, mean annual exposure (micrograms per cubic meter)","EN.ATM.PM25.MC.M3","","","","","","","",""
"Papua New Guinea","PNG","PM2.5 air pollution, mean annual exposure (micrograms per cubic meter)","EN.ATM.PM25.MC.M3","14.94136","15.51903","14.60653","13.95263","13.2453","13.26173","12.61506","12.29442"
"Poland","POL","PM2.5 air pollution, mean annual exposure (micrograms per cubic meter)","EN.ATM.PM25.MC.M3","27.1765","26.37251","24.26398","22.92872","22.21089","22.69132","20.97577","20.87782"
"Pre-demographic dividend","PRE","PM2.5 air pollution, mean annual exposure (micrograms per cubic meter)","EN.ATM.PM25.MC.M3","42.33132","42.38234","44.09101","41.55033","40.54016","50.26089","48.38081","48.63557"
"Puerto Rico","PRI","PM2.5 air pollution, mean annual exposure (micrograms per cubic meter)","EN.ATM.PM25.MC.M3","10.37255","10.57941","9.966244","9.703754","9.089228","8.92091","8.342871","8.349033"
"Korea, Dem. Peopleâ€™s Rep.","PRK","PM2.5 air pollution, mean annual exposure (micrograms per cubic meter)","EN.ATM.PM25.MC.M3","39.34266","38.89337","36.40751","37.13486","35.24022","37.41178","31.75842","32.00745"
"Portugal","PRT","PM2.5 air pollution, mean annual exposure (micrograms per cubic meter)","EN.ATM.PM25.MC.M3","10.07689","10.35501","9.484803","9.432044","8.784793","8.823283","8.052764","8.160752"
"Paraguay","PRY","PM2.5 air pollution, mean annual exposure (micrograms per cubic meter)","EN.ATM.PM25.MC.M3","15.10292","14.59812","13.94831","12.92657","12.64108","13.03807","11.64932","11.90908"
"West Bank and Gaza","PSE","PM2.5 air pollution, mean annual exposure (micrograms per cubic meter)","EN.ATM.PM25.MC.M3","33.00667","32.87331","32.76946","33.49296","33.44828","33.89141","32.74207","33.22563"
"Pacific island small states","PSS","PM2.5 air pollution, mean annual exposure (micrograms per cubic meter)","EN.ATM.PM25.MC.M3","13.84473","14.03611","13.06153","12.45049","12.00546","11.99834","11.30303","11.26764"
"Post-demographic dividend","PST","PM2.5 air pollution, mean annual exposure (micrograms per cubic meter)","EN.ATM.PM25.MC.M3","14.1713","14.41371","13.35928","13.13167","12.43515","12.53413","11.60127","11.59309"
"French Polynesia","PYF","PM2.5 air pollution, mean annual exposure (micrograms per cubic meter)","EN.ATM.PM25.MC.M3","","","","","","","",""
"Qatar","QAT","PM2.5 air pollution, mean annual exposure (micrograms per cubic meter)","EN.ATM.PM25.MC.M3","84.1229","81.27301","89.24697","88.89052","78.83284","94.40389","88.22245","91.18733"
"Romania","ROU","PM2.5 air pollution, mean annual exposure (micrograms per cubic meter)","EN.ATM.PM25.MC.M3","17.06215","17.63675","16.31585","15.36931","15.0065","15.43356","14.53706","14.61134"
"Russian Federation","RUS","PM2.5 air pollution, mean annual exposure (micrograms per cubic meter)","EN.ATM.PM25.MC.M3","19.48031","19.19151","18.30434","17.79507","16.58216","17.01919","16.21989","16.16022"
"Rwanda","RWA","PM2.5 air pollution, mean annual exposure (micrograms per cubic meter)","EN.ATM.PM25.MC.M3","41.44091","42.68096","44.5609","44.41159","42.21149","42.61449","42.8438","43.21022"
"South Asia","SAS","PM2.5 air pollution, mean annual exposure (micrograms per cubic meter)","EN.ATM.PM25.MC.M3","89.16765","90.56947","82.73166","84.69026","83.06717","82.72488","81.98118","82.86952"
"Saudi Arabia","SAU","PM2.5 air pollution, mean annual exposure (micrograms per cubic meter)","EN.ATM.PM25.MC.M3","81.69918","82.41903","85.5133","83.63099","75.60844","97.43229","84.46578","87.94545"
"Sudan","SDN","PM2.5 air pollution, mean annual exposure (micrograms per cubic meter)","EN.ATM.PM25.MC.M3","47.26206","51.15243","49.68594","48.02814","48.14174","58.90479","54.14728","55.37083"
"Senegal","SEN","PM2.5 air pollution, mean annual exposure (micrograms per cubic meter)","EN.ATM.PM25.MC.M3","34.98538","35.9354","36.16776","34.01822","36.82684","44.3408","38.69495","40.69583"
"Singapore","SGP","PM2.5 air pollution, mean annual exposure (micrograms per cubic meter)","EN.ATM.PM25.MC.M3","20.60946","19.34942","20.88649","18.70707","17.40888","20.66339","18.7978","19.07826"
"Solomon Islands","SLB","PM2.5 air pollution, mean annual exposure (micrograms per cubic meter)","EN.ATM.PM25.MC.M3","14.37426","14.37537","13.43024","12.55325","12.17203","12.6997","11.83069","11.87912"
"Sierra Leone","SLE","PM2.5 air pollution, mean annual exposure (micrograms per cubic meter)","EN.ATM.PM25.MC.M3","18.52889","18.74316","20.10129","18.43567","17.69823","22.5286","21.34393","21.62595"
"El Salvador","SLV","PM2.5 air pollution, mean annual exposure (micrograms per cubic meter)","EN.ATM.PM25.MC.M3","30.46194","33.62827","30.93397","30.75988","27.50259","26.47473","24.73649","24.47229"
"San Marino","SMR","PM2.5 air pollution, mean annual exposure (micrograms per cubic meter)","EN.ATM.PM25.MC.M3","","","","","","","",""
"Somalia","SOM","PM2.5 air pollution, mean annual exposure (micrograms per cubic meter)","EN.ATM.PM25.MC.M3","29.00019","31.23016","31.5871","29.55157","30.40108","32.01839","31.75175","32.03458"
"Serbia","SRB","PM2.5 air pollution, mean annual exposure (micrograms per cubic meter)","EN.ATM.PM25.MC.M3","29.10059","31.03403","28.58475","27.43079","26.49207","26.95438","24.78062","24.72636"
"Sub-Saharan Africa (excluding high income)","SSA","PM2.5 air pollution, mean annual exposure (micrograms per cubic meter)","EN.ATM.PM25.MC.M3","38.24758","38.39538","39.86526","37.94871","37.26271","45.71274","44.40788","44.65183"
"South Sudan","SSD","PM2.5 air pollution, mean annual exposure (micrograms per cubic meter)","EN.ATM.PM25.MC.M3","43.22534","45.10147","43.97406","42.642","41.90056","47.76803","44.84657","45.57751"
"Sub-Saharan Africa","SSF","PM2.5 air pollution, mean annual exposure (micrograms per cubic meter)","EN.ATM.PM25.MC.M3","38.21263","38.36121","39.8298","37.9172","37.23258","45.67067","44.36851","44.61324"
"Small states","SST","PM2.5 air pollution, mean annual exposure (micrograms per cubic meter)","EN.ATM.PM25.MC.M3","29.34714","29.60183","30.07786","29.86596","28.8682","31.46494","30.07733","30.47225"
"Sao Tome and Principe","STP","PM2.5 air pollution, mean annual exposure (micrograms per cubic meter)","EN.ATM.PM25.MC.M3","27.12662","27.86024","25.91584","27.65882","27.8623","28.43209","28.66654","28.53958"
"Suriname","SUR","PM2.5 air pollution, mean annual exposure (micrograms per cubic meter)","EN.ATM.PM25.MC.M3","29.83189","31.03872","29.13361","28.80832","25.99885","25.97328","25.31698","24.78001"
"Slovak Republic","SVK","PM2.5 air pollution, mean annual exposure (micrograms per cubic meter)","EN.ATM.PM25.MC.M3","21.69022","21.7672","19.76493","19.31549","18.30418","18.80265","17.35366","17.56291"
"Slovenia","SVN","PM2.5 air pollution, mean annual exposure (micrograms per cubic meter)","EN.ATM.PM25.MC.M3","18.68166","19.51414","17.67008","17.57138","16.6327","17.12815","15.91274","16.02398"
"Sweden","SWE","PM2.5 air pollution, mean annual exposure (micrograms per cubic meter)","EN.ATM.PM25.MC.M3","7.209759","7.391221","6.627942","6.431169","6.959198","6.322498","6.114258","6.184665"
"Eswatini","SWZ","PM2.5 air pollution, mean annual exposure (micrograms per cubic meter)","EN.ATM.PM25.MC.M3","18.12819","17.97331","18.18233","18.30781","17.97878","17.92481","17.14855","17.16879"
"Sint Maarten (Dutch part)","SXM","PM2.5 air pollution, mean annual exposure (micrograms per cubic meter)","EN.ATM.PM25.MC.M3","","","","","","","",""
"Seychelles","SYC","PM2.5 air pollution, mean annual exposure (micrograms per cubic meter)","EN.ATM.PM25.MC.M3","21.09127","21.61036","21.49534","20.96974","20.97052","20.05359","20.40382","20.17865"
"Syrian Arab Republic","SYR","PM2.5 air pollution, mean annual exposure (micrograms per cubic meter)","EN.ATM.PM25.MC.M3","42.65768","41.12495","41.01684","41.91497","41.53448","44.31391","43.70255","43.75726"
"Turks and Caicos Islands","TCA","PM2.5 air pollution, mean annual exposure (micrograms per cubic meter)","EN.ATM.PM25.MC.M3","","","","","","","",""
"Chad","TCD","PM2.5 air pollution, mean annual exposure (micrograms per cubic meter)","EN.ATM.PM25.MC.M3","56.58663","55.19516","58.67539","53.05641","51.24717","68.68239","64.77077","66.02921"
"East Asia & Pacific (IDA & IBRD countries)","TEA","PM2.5 air pollution, mean annual exposure (micrograms per cubic meter)","EN.ATM.PM25.MC.M3","56.05483","56.60655","51.83336","52.63415","48.28311","47.49868","42.43189","42.67141"
"Europe & Central Asia (IDA & IBRD countries)","TEC","PM2.5 air pollution, mean annual exposure (micrograms per cubic meter)","EN.ATM.PM25.MC.M3","26.61165","26.34387","25.37321","24.87366","24.0569","25.13329","23.99138","24.09235"
"Togo","TGO","PM2.5 air pollution, mean annual exposure (micrograms per cubic meter)","EN.ATM.PM25.MC.M3","30.52294","30.85481","31.36921","29.56593","28.93629","38.35682","37.05111","35.73134"
"Thailand","THA","PM2.5 air pollution, mean annual exposure (micrograms per cubic meter)","EN.ATM.PM25.MC.M3","31.5654","31.60963","31.52531","31.17472","29.36464","27.34457","26.25805","26.25673"
"Tajikistan","TJK","PM2.5 air pollution, mean annual exposure (micrograms per cubic meter)","EN.ATM.PM25.MC.M3","50.40542","54.31996","48.9896","49.55314","46.48083","47.79297","43.37771","46.15219"
"Turkmenistan","TKM","PM2.5 air pollution, mean annual exposure (micrograms per cubic meter)","EN.ATM.PM25.MC.M3","24.85183","25.4961","23.80201","23.72189","22.08491","22.97054","21.74112","21.76772"
"Latin America & the Caribbean (IDA & IBRD countries)","TLA","PM2.5 air pollution, mean annual exposure (micrograms per cubic meter)","EN.ATM.PM25.MC.M3","21.06461","21.51253","20.45018","19.77049","18.38987","17.74335","16.68744","16.69618"
"Timor-Leste","TLS","PM2.5 air pollution, mean annual exposure (micrograms per cubic meter)","EN.ATM.PM25.MC.M3","23.4924","23.75672","22.46662","21.96462","20.4501","20.62319","20.0179","19.25721"
"Middle East & North Africa (IDA & IBRD countries)","TMN","PM2.5 air pollution, mean annual exposure (micrograms per cubic meter)","EN.ATM.PM25.MC.M3","50.35637","48.44597","48.99667","50.15951","49.41244","54.71259","54.63071","54.10478"
"Tonga","TON","PM2.5 air pollution, mean annual exposure (micrograms per cubic meter)","EN.ATM.PM25.MC.M3","13.53195","13.51709","12.43817","12.14771","12.05764","11.31297","10.95142","10.78548"
"South Asia (IDA & IBRD)","TSA","PM2.5 air pollution, mean annual exposure (micrograms per cubic meter)","EN.ATM.PM25.MC.M3","89.16765","90.56947","82.73166","84.69026","83.06717","82.72488","81.98118","82.86952"
"Sub-Saharan Africa (IDA & IBRD countries)","TSS","PM2.5 air pollution, mean annual exposure (micrograms per cubic meter)","EN.ATM.PM25.MC.M3","38.21263","38.36121","39.8298","37.9172","37.23258","45.67067","44.36851","44.61324"
"Trinidad and Tobago","TTO","PM2.5 air pollution, mean annual exposure (micrograms per cubic meter)","EN.ATM.PM25.MC.M3","28.70419","29.85162","27.9425","27.15874","24.85584","24.89808","24.23048","24.10857"
"Tunisia","TUN","PM2.5 air pollution, mean annual exposure (micrograms per cubic meter)","EN.ATM.PM25.MC.M3","35.54549","33.86835","32.81581","35.65414","34.69206","36.30425","38.45049","37.65599"
"Turkey","TUR","PM2.5 air pollution, mean annual exposure (micrograms per cubic meter)","EN.ATM.PM25.MC.M3","43.82123","40.54511","41.92092","42.06258","42.59577","45.40156","44.48276","44.31153"
"Tuvalu","TUV","PM2.5 air pollution, mean annual exposure (micrograms per cubic meter)","EN.ATM.PM25.MC.M3","","","","","","","",""
"Tanzania","TZA","PM2.5 air pollution, mean annual exposure (micrograms per cubic meter)","EN.ATM.PM25.MC.M3","28.60753","28.72877","29.96984","29.35963","28.87372","28.24045","28.44357","29.07664"
"Uganda","UGA","PM2.5 air pollution, mean annual exposure (micrograms per cubic meter)","EN.ATM.PM25.MC.M3","44.7587","47.06117","49.62673","47.72116","46.93057","48.94936","51.94411","50.49432"
"Ukraine","UKR","PM2.5 air pollution, mean annual exposure (micrograms per cubic meter)","EN.ATM.PM25.MC.M3","23.52266","23.9711","22.32879","21.5324","20.4869","21.24645","20.61819","20.30978"
"Upper middle income","UMC","PM2.5 air pollution, mean annual exposure (micrograms per cubic meter)","EN.ATM.PM25.MC.M3","47.19649","47.58824","43.95447","44.3897","40.96402","40.72304","36.85254","37.04924"
"Uruguay","URY","PM2.5 air pollution, mean annual exposure (micrograms per cubic meter)","EN.ATM.PM25.MC.M3","11.02706","11.46873","10.56729","10.45561","9.926816","9.659454","9.197441","9.274883"
"United States","USA","PM2.5 air pollution, mean annual exposure (micrograms per cubic meter)","EN.ATM.PM25.MC.M3","9.358636","9.740641","9.003163","8.734777","8.22072","8.06392","7.406464","7.409442"
"Uzbekistan","UZB","PM2.5 air pollution, mean annual exposure (micrograms per cubic meter)","EN.ATM.PM25.MC.M3","32.07745","33.99384","31.66211","30.80519","28.90004","30.39433","27.81435","28.4559"
"St. Vincent and the Grenadines","VCT","PM2.5 air pollution, mean annual exposure (micrograms per cubic meter)","EN.ATM.PM25.MC.M3","26.39666","27.58281","25.75408","24.76218","23.03093","23.47317","22.07655","22.20052"
"Venezuela, RB","VEN","PM2.5 air pollution, mean annual exposure (micrograms per cubic meter)","EN.ATM.PM25.MC.M3","21.68287","22.03311","21.24573","20.42895","19.10406","18.30301","16.76799","17.00855"
"British Virgin Islands","VGB","PM2.5 air pollution, mean annual exposure (micrograms per cubic meter)","EN.ATM.PM25.MC.M3","","","","","","","",""
"Virgin Islands (U.S.)","VIR","PM2.5 air pollution, mean annual exposure (micrograms per cubic meter)","EN.ATM.PM25.MC.M3","12.7521","12.99374","12.23312","11.95551","11.16582","11.0289","10.26484","10.26531"
"Vietnam","VNM","PM2.5 air pollution, mean annual exposure (micrograms per cubic meter)","EN.ATM.PM25.MC.M3","39.3654","38.48697","37.22745","36.83591","34.89602","32.46644","30.24131","29.62673"
"Vanuatu","VUT","PM2.5 air pollution, mean annual exposure (micrograms per cubic meter)","EN.ATM.PM25.MC.M3","14.12951","14.38296","13.24245","12.74069","11.93385","12.15721","11.59091","11.65278"
"World","WLD","PM2.5 air pollution, mean annual exposure (micrograms per cubic meter)","EN.ATM.PM25.MC.M3","50.25199","50.77102","47.5331","47.94782","45.94425","47.2315","45.15712","45.52953"
"Samoa","WSM","PM2.5 air pollution, mean annual exposure (micrograms per cubic meter)","EN.ATM.PM25.MC.M3","14.28809","14.6931","13.62788","13.38252","12.64356","12.3218","11.3663","11.54803"
"Kosovo","XKX","PM2.5 air pollution, mean annual exposure (micrograms per cubic meter)","EN.ATM.PM25.MC.M3","","","","","","","",""
"Yemen, Rep.","YEM","PM2.5 air pollution, mean annual exposure (micrograms per cubic meter)","EN.ATM.PM25.MC.M3","45.97947","50.83529","51.43445","52.99844","48.33865","54.26029","50.12763","50.45601"
"South Africa","ZAF","PM2.5 air pollution, mean annual exposure (micrograms per cubic meter)","EN.ATM.PM25.MC.M3","27.13859","26.55787","26.57709","26.72926","26.72221","26.11297","25.14042","25.1022"
"Zambia","ZMB","PM2.5 air pollution, mean annual exposure (micrograms per cubic meter)","EN.ATM.PM25.MC.M3","28.83638","28.98712","29.74204","29.11222","28.49325","28.37545","27.35567","27.43803"
"Zimbabwe","ZWE","PM2.5 air pollution, mean annual exposure (micrograms per cubic meter)","EN.ATM.PM25.MC.M3","23.23148","23.07421","23.1981","23.11109","22.80595","21.73371","21.72695","22.25167"
